--
-- PostgreSQL database dump
--

-- Dumped from database version 17.2
-- Dumped by pg_dump version 17.2

SET statement_timeout = 0;
SET lock_timeout = 0;
SET idle_in_transaction_session_timeout = 0;
SET transaction_timeout = 0;
SET client_encoding = 'UTF8';
SET standard_conforming_strings = on;
SELECT pg_catalog.set_config('search_path', '', false);
SET check_function_bodies = false;
SET xmloption = content;
SET client_min_messages = warning;
SET row_security = off;

SET default_tablespace = '';

SET default_table_access_method = heap;

--
-- Name: auth_group; Type: TABLE; Schema: public; Owner: blackwin
--

CREATE TABLE public.auth_group (
    id integer NOT NULL,
    name character varying(150) NOT NULL
);


ALTER TABLE public.auth_group OWNER TO blackwin;

--
-- Name: auth_group_id_seq; Type: SEQUENCE; Schema: public; Owner: blackwin
--

ALTER TABLE public.auth_group ALTER COLUMN id ADD GENERATED BY DEFAULT AS IDENTITY (
    SEQUENCE NAME public.auth_group_id_seq
    START WITH 1
    INCREMENT BY 1
    NO MINVALUE
    NO MAXVALUE
    CACHE 1
);


--
-- Name: auth_group_permissions; Type: TABLE; Schema: public; Owner: blackwin
--

CREATE TABLE public.auth_group_permissions (
    id bigint NOT NULL,
    group_id integer NOT NULL,
    permission_id integer NOT NULL
);


ALTER TABLE public.auth_group_permissions OWNER TO blackwin;

--
-- Name: auth_group_permissions_id_seq; Type: SEQUENCE; Schema: public; Owner: blackwin
--

ALTER TABLE public.auth_group_permissions ALTER COLUMN id ADD GENERATED BY DEFAULT AS IDENTITY (
    SEQUENCE NAME public.auth_group_permissions_id_seq
    START WITH 1
    INCREMENT BY 1
    NO MINVALUE
    NO MAXVALUE
    CACHE 1
);


--
-- Name: auth_permission; Type: TABLE; Schema: public; Owner: blackwin
--

CREATE TABLE public.auth_permission (
    id integer NOT NULL,
    name character varying(255) NOT NULL,
    content_type_id integer NOT NULL,
    codename character varying(100) NOT NULL
);


ALTER TABLE public.auth_permission OWNER TO blackwin;

--
-- Name: auth_permission_id_seq; Type: SEQUENCE; Schema: public; Owner: blackwin
--

ALTER TABLE public.auth_permission ALTER COLUMN id ADD GENERATED BY DEFAULT AS IDENTITY (
    SEQUENCE NAME public.auth_permission_id_seq
    START WITH 1
    INCREMENT BY 1
    NO MINVALUE
    NO MAXVALUE
    CACHE 1
);


--
-- Name: auth_user; Type: TABLE; Schema: public; Owner: blackwin
--

CREATE TABLE public.auth_user (
    id integer NOT NULL,
    password character varying(128) NOT NULL,
    last_login timestamp with time zone,
    is_superuser boolean NOT NULL,
    username character varying(150) NOT NULL,
    first_name character varying(150) NOT NULL,
    last_name character varying(150) NOT NULL,
    email character varying(254) NOT NULL,
    is_staff boolean NOT NULL,
    is_active boolean NOT NULL,
    date_joined timestamp with time zone NOT NULL
);


ALTER TABLE public.auth_user OWNER TO blackwin;

--
-- Name: auth_user_groups; Type: TABLE; Schema: public; Owner: blackwin
--

CREATE TABLE public.auth_user_groups (
    id bigint NOT NULL,
    user_id integer NOT NULL,
    group_id integer NOT NULL
);


ALTER TABLE public.auth_user_groups OWNER TO blackwin;

--
-- Name: auth_user_groups_id_seq; Type: SEQUENCE; Schema: public; Owner: blackwin
--

ALTER TABLE public.auth_user_groups ALTER COLUMN id ADD GENERATED BY DEFAULT AS IDENTITY (
    SEQUENCE NAME public.auth_user_groups_id_seq
    START WITH 1
    INCREMENT BY 1
    NO MINVALUE
    NO MAXVALUE
    CACHE 1
);


--
-- Name: auth_user_id_seq; Type: SEQUENCE; Schema: public; Owner: blackwin
--

ALTER TABLE public.auth_user ALTER COLUMN id ADD GENERATED BY DEFAULT AS IDENTITY (
    SEQUENCE NAME public.auth_user_id_seq
    START WITH 1
    INCREMENT BY 1
    NO MINVALUE
    NO MAXVALUE
    CACHE 1
);


--
-- Name: auth_user_user_permissions; Type: TABLE; Schema: public; Owner: blackwin
--

CREATE TABLE public.auth_user_user_permissions (
    id bigint NOT NULL,
    user_id integer NOT NULL,
    permission_id integer NOT NULL
);


ALTER TABLE public.auth_user_user_permissions OWNER TO blackwin;

--
-- Name: auth_user_user_permissions_id_seq; Type: SEQUENCE; Schema: public; Owner: blackwin
--

ALTER TABLE public.auth_user_user_permissions ALTER COLUMN id ADD GENERATED BY DEFAULT AS IDENTITY (
    SEQUENCE NAME public.auth_user_user_permissions_id_seq
    START WITH 1
    INCREMENT BY 1
    NO MINVALUE
    NO MAXVALUE
    CACHE 1
);


--
-- Name: django_admin_log; Type: TABLE; Schema: public; Owner: blackwin
--

CREATE TABLE public.django_admin_log (
    id integer NOT NULL,
    action_time timestamp with time zone NOT NULL,
    object_id text,
    object_repr character varying(200) NOT NULL,
    action_flag smallint NOT NULL,
    change_message text NOT NULL,
    content_type_id integer,
    user_id integer NOT NULL,
    CONSTRAINT django_admin_log_action_flag_check CHECK ((action_flag >= 0))
);


ALTER TABLE public.django_admin_log OWNER TO blackwin;

--
-- Name: django_admin_log_id_seq; Type: SEQUENCE; Schema: public; Owner: blackwin
--

ALTER TABLE public.django_admin_log ALTER COLUMN id ADD GENERATED BY DEFAULT AS IDENTITY (
    SEQUENCE NAME public.django_admin_log_id_seq
    START WITH 1
    INCREMENT BY 1
    NO MINVALUE
    NO MAXVALUE
    CACHE 1
);


--
-- Name: django_content_type; Type: TABLE; Schema: public; Owner: blackwin
--

CREATE TABLE public.django_content_type (
    id integer NOT NULL,
    app_label character varying(100) NOT NULL,
    model character varying(100) NOT NULL
);


ALTER TABLE public.django_content_type OWNER TO blackwin;

--
-- Name: django_content_type_id_seq; Type: SEQUENCE; Schema: public; Owner: blackwin
--

ALTER TABLE public.django_content_type ALTER COLUMN id ADD GENERATED BY DEFAULT AS IDENTITY (
    SEQUENCE NAME public.django_content_type_id_seq
    START WITH 1
    INCREMENT BY 1
    NO MINVALUE
    NO MAXVALUE
    CACHE 1
);


--
-- Name: django_migrations; Type: TABLE; Schema: public; Owner: blackwin
--

CREATE TABLE public.django_migrations (
    id bigint NOT NULL,
    app character varying(255) NOT NULL,
    name character varying(255) NOT NULL,
    applied timestamp with time zone NOT NULL
);


ALTER TABLE public.django_migrations OWNER TO blackwin;

--
-- Name: django_migrations_id_seq; Type: SEQUENCE; Schema: public; Owner: blackwin
--

ALTER TABLE public.django_migrations ALTER COLUMN id ADD GENERATED BY DEFAULT AS IDENTITY (
    SEQUENCE NAME public.django_migrations_id_seq
    START WITH 1
    INCREMENT BY 1
    NO MINVALUE
    NO MAXVALUE
    CACHE 1
);


--
-- Name: django_session; Type: TABLE; Schema: public; Owner: blackwin
--

CREATE TABLE public.django_session (
    session_key character varying(40) NOT NULL,
    session_data text NOT NULL,
    expire_date timestamp with time zone NOT NULL
);


ALTER TABLE public.django_session OWNER TO blackwin;

--
-- Name: ems_app_event; Type: TABLE; Schema: public; Owner: blackwin
--

CREATE TABLE public.ems_app_event (
    id bigint NOT NULL,
    title character varying(200) NOT NULL,
    location character varying(200) NOT NULL,
    image character varying(100),
    category_id bigint NOT NULL,
    description text NOT NULL,
    created_at timestamp with time zone NOT NULL,
    updated_at timestamp with time zone NOT NULL,
    end_date timestamp with time zone,
    max_participants integer NOT NULL,
    organizer_id bigint,
    registration_deadline timestamp with time zone NOT NULL,
    start_date timestamp with time zone NOT NULL,
    status character varying(10) NOT NULL,
    CONSTRAINT ems_app_event_max_participants_check CHECK ((max_participants >= 0))
);


ALTER TABLE public.ems_app_event OWNER TO blackwin;

--
-- Name: ems_app_event_id_seq; Type: SEQUENCE; Schema: public; Owner: blackwin
--

ALTER TABLE public.ems_app_event ALTER COLUMN id ADD GENERATED BY DEFAULT AS IDENTITY (
    SEQUENCE NAME public.ems_app_event_id_seq
    START WITH 1
    INCREMENT BY 1
    NO MINVALUE
    NO MAXVALUE
    CACHE 1
);


--
-- Name: ems_app_eventcategory; Type: TABLE; Schema: public; Owner: blackwin
--

CREATE TABLE public.ems_app_eventcategory (
    id bigint NOT NULL,
    name character varying(100) NOT NULL,
    description text
);


ALTER TABLE public.ems_app_eventcategory OWNER TO blackwin;

--
-- Name: ems_app_eventcategory_id_seq; Type: SEQUENCE; Schema: public; Owner: blackwin
--

ALTER TABLE public.ems_app_eventcategory ALTER COLUMN id ADD GENERATED BY DEFAULT AS IDENTITY (
    SEQUENCE NAME public.ems_app_eventcategory_id_seq
    START WITH 1
    INCREMENT BY 1
    NO MINVALUE
    NO MAXVALUE
    CACHE 1
);


--
-- Name: ems_app_eventfeedback; Type: TABLE; Schema: public; Owner: blackwin
--

CREATE TABLE public.ems_app_eventfeedback (
    id bigint NOT NULL,
    rating smallint NOT NULL,
    comment text NOT NULL,
    created_at timestamp with time zone NOT NULL,
    event_id bigint NOT NULL,
    user_id bigint NOT NULL,
    CONSTRAINT ems_app_eventfeedback_rating_check CHECK ((rating >= 0))
);


ALTER TABLE public.ems_app_eventfeedback OWNER TO blackwin;

--
-- Name: ems_app_eventfeedback_id_seq; Type: SEQUENCE; Schema: public; Owner: blackwin
--

ALTER TABLE public.ems_app_eventfeedback ALTER COLUMN id ADD GENERATED BY DEFAULT AS IDENTITY (
    SEQUENCE NAME public.ems_app_eventfeedback_id_seq
    START WITH 1
    INCREMENT BY 1
    NO MINVALUE
    NO MAXVALUE
    CACHE 1
);


--
-- Name: ems_app_eventregistration; Type: TABLE; Schema: public; Owner: blackwin
--

CREATE TABLE public.ems_app_eventregistration (
    id bigint NOT NULL,
    registration_date timestamp with time zone NOT NULL,
    attended boolean NOT NULL,
    event_id bigint NOT NULL,
    participant_id bigint NOT NULL
);


ALTER TABLE public.ems_app_eventregistration OWNER TO blackwin;

--
-- Name: ems_app_eventregistration_id_seq; Type: SEQUENCE; Schema: public; Owner: blackwin
--

ALTER TABLE public.ems_app_eventregistration ALTER COLUMN id ADD GENERATED BY DEFAULT AS IDENTITY (
    SEQUENCE NAME public.ems_app_eventregistration_id_seq
    START WITH 1
    INCREMENT BY 1
    NO MINVALUE
    NO MAXVALUE
    CACHE 1
);


--
-- Name: users_customuser; Type: TABLE; Schema: public; Owner: blackwin
--

CREATE TABLE public.users_customuser (
    id bigint NOT NULL,
    password character varying(128) NOT NULL,
    last_login timestamp with time zone,
    is_superuser boolean NOT NULL,
    username character varying(150) NOT NULL,
    first_name character varying(150) NOT NULL,
    last_name character varying(150) NOT NULL,
    email character varying(254) NOT NULL,
    is_staff boolean NOT NULL,
    is_active boolean NOT NULL,
    date_joined timestamp with time zone NOT NULL,
    user_type character varying(10) NOT NULL,
    bio text,
    profile_picture character varying(100),
    phone_number character varying(15)
);


ALTER TABLE public.users_customuser OWNER TO blackwin;

--
-- Name: users_customuser_groups; Type: TABLE; Schema: public; Owner: blackwin
--

CREATE TABLE public.users_customuser_groups (
    id bigint NOT NULL,
    customuser_id bigint NOT NULL,
    group_id integer NOT NULL
);


ALTER TABLE public.users_customuser_groups OWNER TO blackwin;

--
-- Name: users_customuser_groups_id_seq; Type: SEQUENCE; Schema: public; Owner: blackwin
--

ALTER TABLE public.users_customuser_groups ALTER COLUMN id ADD GENERATED BY DEFAULT AS IDENTITY (
    SEQUENCE NAME public.users_customuser_groups_id_seq
    START WITH 1
    INCREMENT BY 1
    NO MINVALUE
    NO MAXVALUE
    CACHE 1
);


--
-- Name: users_customuser_id_seq; Type: SEQUENCE; Schema: public; Owner: blackwin
--

ALTER TABLE public.users_customuser ALTER COLUMN id ADD GENERATED BY DEFAULT AS IDENTITY (
    SEQUENCE NAME public.users_customuser_id_seq
    START WITH 1
    INCREMENT BY 1
    NO MINVALUE
    NO MAXVALUE
    CACHE 1
);


--
-- Name: users_customuser_user_permissions; Type: TABLE; Schema: public; Owner: blackwin
--

CREATE TABLE public.users_customuser_user_permissions (
    id bigint NOT NULL,
    customuser_id bigint NOT NULL,
    permission_id integer NOT NULL
);


ALTER TABLE public.users_customuser_user_permissions OWNER TO blackwin;

--
-- Name: users_customuser_user_permissions_id_seq; Type: SEQUENCE; Schema: public; Owner: blackwin
--

ALTER TABLE public.users_customuser_user_permissions ALTER COLUMN id ADD GENERATED BY DEFAULT AS IDENTITY (
    SEQUENCE NAME public.users_customuser_user_permissions_id_seq
    START WITH 1
    INCREMENT BY 1
    NO MINVALUE
    NO MAXVALUE
    CACHE 1
);


--
-- Data for Name: auth_group; Type: TABLE DATA; Schema: public; Owner: blackwin
--

COPY public.auth_group (id, name) FROM stdin;
\.


--
-- Data for Name: auth_group_permissions; Type: TABLE DATA; Schema: public; Owner: blackwin
--

COPY public.auth_group_permissions (id, group_id, permission_id) FROM stdin;
\.


--
-- Data for Name: auth_permission; Type: TABLE DATA; Schema: public; Owner: blackwin
--

COPY public.auth_permission (id, name, content_type_id, codename) FROM stdin;
1	Can add log entry	1	add_logentry
2	Can change log entry	1	change_logentry
3	Can delete log entry	1	delete_logentry
4	Can view log entry	1	view_logentry
5	Can add permission	2	add_permission
6	Can change permission	2	change_permission
7	Can delete permission	2	delete_permission
8	Can view permission	2	view_permission
9	Can add group	3	add_group
10	Can change group	3	change_group
11	Can delete group	3	delete_group
12	Can view group	3	view_group
13	Can add user	4	add_user
14	Can change user	4	change_user
15	Can delete user	4	delete_user
16	Can view user	4	view_user
17	Can add content type	5	add_contenttype
18	Can change content type	5	change_contenttype
19	Can delete content type	5	delete_contenttype
20	Can view content type	5	view_contenttype
21	Can add session	6	add_session
22	Can change session	6	change_session
23	Can delete session	6	delete_session
24	Can view session	6	view_session
25	Can add event	7	add_event
26	Can change event	7	change_event
27	Can delete event	7	delete_event
28	Can view event	7	view_event
29	Can add testimonial	8	add_testimonial
30	Can change testimonial	8	change_testimonial
31	Can delete testimonial	8	delete_testimonial
32	Can view testimonial	8	view_testimonial
33	Can add event category	9	add_eventcategory
34	Can change event category	9	change_eventcategory
35	Can delete event category	9	delete_eventcategory
36	Can view event category	9	view_eventcategory
37	Can add event feedback	10	add_eventfeedback
38	Can change event feedback	10	change_eventfeedback
39	Can delete event feedback	10	delete_eventfeedback
40	Can view event feedback	10	view_eventfeedback
41	Can add event registration	11	add_eventregistration
42	Can change event registration	11	change_eventregistration
43	Can delete event registration	11	delete_eventregistration
44	Can view event registration	11	view_eventregistration
45	Can add user	12	add_customuser
46	Can change user	12	change_customuser
47	Can delete user	12	delete_customuser
48	Can view user	12	view_customuser
\.


--
-- Data for Name: auth_user; Type: TABLE DATA; Schema: public; Owner: blackwin
--

COPY public.auth_user (id, password, last_login, is_superuser, username, first_name, last_name, email, is_staff, is_active, date_joined) FROM stdin;
1	pbkdf2_sha256$870000$OxLffVOZ27R9z07FcJS0n1$/U5AVyiLgq1xYeUtXrmdDqF3ylAeBtTnJUH75uXSse0=	2025-05-16 17:02:09.829576+05:45	t	sonal				t	t	2025-05-16 15:19:34.132177+05:45
2	pbkdf2_sha256$870000$MaloLakbRTNEuDn2ECiARU$jetTaZUpIlKd+hG4czWtwzvqng01Mj+0cKbmpyGKOB0=	2025-05-16 17:03:22.053834+05:45	f		Shronal	Duwal	shronalduwal999@gmail.com	f	t	2025-05-16 17:03:21.159895+05:45
\.


--
-- Data for Name: auth_user_groups; Type: TABLE DATA; Schema: public; Owner: blackwin
--

COPY public.auth_user_groups (id, user_id, group_id) FROM stdin;
\.


--
-- Data for Name: auth_user_user_permissions; Type: TABLE DATA; Schema: public; Owner: blackwin
--

COPY public.auth_user_user_permissions (id, user_id, permission_id) FROM stdin;
\.


--
-- Data for Name: django_admin_log; Type: TABLE DATA; Schema: public; Owner: blackwin
--

COPY public.django_admin_log (id, action_time, object_id, object_repr, action_flag, change_message, content_type_id, user_id) FROM stdin;
\.


--
-- Data for Name: django_content_type; Type: TABLE DATA; Schema: public; Owner: blackwin
--

COPY public.django_content_type (id, app_label, model) FROM stdin;
1	admin	logentry
2	auth	permission
3	auth	group
4	auth	user
5	contenttypes	contenttype
6	sessions	session
7	ems_app	event
8	ems_app	testimonial
9	ems_app	eventcategory
10	ems_app	eventfeedback
11	ems_app	eventregistration
12	users	customuser
\.


--
-- Data for Name: django_migrations; Type: TABLE DATA; Schema: public; Owner: blackwin
--

COPY public.django_migrations (id, app, name, applied) FROM stdin;
1	contenttypes	0001_initial	2025-05-16 15:13:42.167852+05:45
2	auth	0001_initial	2025-05-16 15:13:42.232815+05:45
3	admin	0001_initial	2025-05-16 15:13:42.254113+05:45
4	admin	0002_logentry_remove_auto_add	2025-05-16 15:13:42.260614+05:45
5	admin	0003_logentry_add_action_flag_choices	2025-05-16 15:13:42.278431+05:45
6	contenttypes	0002_remove_content_type_name	2025-05-16 15:13:42.29097+05:45
7	auth	0002_alter_permission_name_max_length	2025-05-16 15:13:42.29748+05:45
8	auth	0003_alter_user_email_max_length	2025-05-16 15:13:42.303998+05:45
9	auth	0004_alter_user_username_opts	2025-05-16 15:13:42.309997+05:45
10	auth	0005_alter_user_last_login_null	2025-05-16 15:13:42.316328+05:45
11	auth	0006_require_contenttypes_0002	2025-05-16 15:13:42.317329+05:45
12	auth	0007_alter_validators_add_error_messages	2025-05-16 15:13:42.323863+05:45
13	auth	0008_alter_user_username_max_length	2025-05-16 15:13:42.333762+05:45
14	auth	0009_alter_user_last_name_max_length	2025-05-16 15:13:42.341279+05:45
15	auth	0010_alter_group_name_max_length	2025-05-16 15:13:42.347279+05:45
16	auth	0011_update_proxy_permissions	2025-05-16 15:13:42.351788+05:45
17	auth	0012_alter_user_first_name_max_length	2025-05-16 15:13:42.358794+05:45
18	sessions	0001_initial	2025-05-16 15:13:42.366717+05:45
19	ems_app	0001_initial	2025-05-16 16:24:35.042896+05:45
20	users	0001_initial	2025-05-16 18:32:06.608119+05:45
21	ems_app	0002_eventcategory_eventfeedback_eventregistration_and_more	2025-05-16 18:32:06.640959+05:45
22	ems_app	0003_event_organizer_event_registration_deadline_and_more	2025-05-16 18:32:06.794877+05:45
\.


--
-- Data for Name: django_session; Type: TABLE DATA; Schema: public; Owner: blackwin
--

COPY public.django_session (session_key, session_data, expire_date) FROM stdin;
\.


--
-- Data for Name: ems_app_event; Type: TABLE DATA; Schema: public; Owner: blackwin
--

COPY public.ems_app_event (id, title, location, image, category_id, description, created_at, updated_at, end_date, max_participants, organizer_id, registration_deadline, start_date, status) FROM stdin;
\.


--
-- Data for Name: ems_app_eventcategory; Type: TABLE DATA; Schema: public; Owner: blackwin
--

COPY public.ems_app_eventcategory (id, name, description) FROM stdin;
\.


--
-- Data for Name: ems_app_eventfeedback; Type: TABLE DATA; Schema: public; Owner: blackwin
--

COPY public.ems_app_eventfeedback (id, rating, comment, created_at, event_id, user_id) FROM stdin;
\.


--
-- Data for Name: ems_app_eventregistration; Type: TABLE DATA; Schema: public; Owner: blackwin
--

COPY public.ems_app_eventregistration (id, registration_date, attended, event_id, participant_id) FROM stdin;
\.


--
-- Data for Name: users_customuser; Type: TABLE DATA; Schema: public; Owner: blackwin
--

COPY public.users_customuser (id, password, last_login, is_superuser, username, first_name, last_name, email, is_staff, is_active, date_joined, user_type, bio, profile_picture, phone_number) FROM stdin;
\.


--
-- Data for Name: users_customuser_groups; Type: TABLE DATA; Schema: public; Owner: blackwin
--

COPY public.users_customuser_groups (id, customuser_id, group_id) FROM stdin;
\.


--
-- Data for Name: users_customuser_user_permissions; Type: TABLE DATA; Schema: public; Owner: blackwin
--

COPY public.users_customuser_user_permissions (id, customuser_id, permission_id) FROM stdin;
\.


--
-- Name: auth_group_id_seq; Type: SEQUENCE SET; Schema: public; Owner: blackwin
--

SELECT pg_catalog.setval('public.auth_group_id_seq', 1, false);


--
-- Name: auth_group_permissions_id_seq; Type: SEQUENCE SET; Schema: public; Owner: blackwin
--

SELECT pg_catalog.setval('public.auth_group_permissions_id_seq', 1, false);


--
-- Name: auth_permission_id_seq; Type: SEQUENCE SET; Schema: public; Owner: blackwin
--

SELECT pg_catalog.setval('public.auth_permission_id_seq', 48, true);


--
-- Name: auth_user_groups_id_seq; Type: SEQUENCE SET; Schema: public; Owner: blackwin
--

SELECT pg_catalog.setval('public.auth_user_groups_id_seq', 1, false);


--
-- Name: auth_user_id_seq; Type: SEQUENCE SET; Schema: public; Owner: blackwin
--

SELECT pg_catalog.setval('public.auth_user_id_seq', 2, true);


--
-- Name: auth_user_user_permissions_id_seq; Type: SEQUENCE SET; Schema: public; Owner: blackwin
--

SELECT pg_catalog.setval('public.auth_user_user_permissions_id_seq', 1, false);


--
-- Name: django_admin_log_id_seq; Type: SEQUENCE SET; Schema: public; Owner: blackwin
--

SELECT pg_catalog.setval('public.django_admin_log_id_seq', 1, false);


--
-- Name: django_content_type_id_seq; Type: SEQUENCE SET; Schema: public; Owner: blackwin
--

SELECT pg_catalog.setval('public.django_content_type_id_seq', 12, true);


--
-- Name: django_migrations_id_seq; Type: SEQUENCE SET; Schema: public; Owner: blackwin
--

SELECT pg_catalog.setval('public.django_migrations_id_seq', 22, true);


--
-- Name: ems_app_event_id_seq; Type: SEQUENCE SET; Schema: public; Owner: blackwin
--

SELECT pg_catalog.setval('public.ems_app_event_id_seq', 1, false);


--
-- Name: ems_app_eventcategory_id_seq; Type: SEQUENCE SET; Schema: public; Owner: blackwin
--

SELECT pg_catalog.setval('public.ems_app_eventcategory_id_seq', 1, false);


--
-- Name: ems_app_eventfeedback_id_seq; Type: SEQUENCE SET; Schema: public; Owner: blackwin
--

SELECT pg_catalog.setval('public.ems_app_eventfeedback_id_seq', 1, false);


--
-- Name: ems_app_eventregistration_id_seq; Type: SEQUENCE SET; Schema: public; Owner: blackwin
--

SELECT pg_catalog.setval('public.ems_app_eventregistration_id_seq', 1, false);


--
-- Name: users_customuser_groups_id_seq; Type: SEQUENCE SET; Schema: public; Owner: blackwin
--

SELECT pg_catalog.setval('public.users_customuser_groups_id_seq', 1, false);


--
-- Name: users_customuser_id_seq; Type: SEQUENCE SET; Schema: public; Owner: blackwin
--

SELECT pg_catalog.setval('public.users_customuser_id_seq', 1, false);


--
-- Name: users_customuser_user_permissions_id_seq; Type: SEQUENCE SET; Schema: public; Owner: blackwin
--

SELECT pg_catalog.setval('public.users_customuser_user_permissions_id_seq', 1, false);


--
-- Name: auth_group auth_group_name_key; Type: CONSTRAINT; Schema: public; Owner: blackwin
--

ALTER TABLE ONLY public.auth_group
    ADD CONSTRAINT auth_group_name_key UNIQUE (name);


--
-- Name: auth_group_permissions auth_group_permissions_group_id_permission_id_0cd325b0_uniq; Type: CONSTRAINT; Schema: public; Owner: blackwin
--

ALTER TABLE ONLY public.auth_group_permissions
    ADD CONSTRAINT auth_group_permissions_group_id_permission_id_0cd325b0_uniq UNIQUE (group_id, permission_id);


--
-- Name: auth_group_permissions auth_group_permissions_pkey; Type: CONSTRAINT; Schema: public; Owner: blackwin
--

ALTER TABLE ONLY public.auth_group_permissions
    ADD CONSTRAINT auth_group_permissions_pkey PRIMARY KEY (id);


--
-- Name: auth_group auth_group_pkey; Type: CONSTRAINT; Schema: public; Owner: blackwin
--

ALTER TABLE ONLY public.auth_group
    ADD CONSTRAINT auth_group_pkey PRIMARY KEY (id);


--
-- Name: auth_permission auth_permission_content_type_id_codename_01ab375a_uniq; Type: CONSTRAINT; Schema: public; Owner: blackwin
--

ALTER TABLE ONLY public.auth_permission
    ADD CONSTRAINT auth_permission_content_type_id_codename_01ab375a_uniq UNIQUE (content_type_id, codename);


--
-- Name: auth_permission auth_permission_pkey; Type: CONSTRAINT; Schema: public; Owner: blackwin
--

ALTER TABLE ONLY public.auth_permission
    ADD CONSTRAINT auth_permission_pkey PRIMARY KEY (id);


--
-- Name: auth_user_groups auth_user_groups_pkey; Type: CONSTRAINT; Schema: public; Owner: blackwin
--

ALTER TABLE ONLY public.auth_user_groups
    ADD CONSTRAINT auth_user_groups_pkey PRIMARY KEY (id);


--
-- Name: auth_user_groups auth_user_groups_user_id_group_id_94350c0c_uniq; Type: CONSTRAINT; Schema: public; Owner: blackwin
--

ALTER TABLE ONLY public.auth_user_groups
    ADD CONSTRAINT auth_user_groups_user_id_group_id_94350c0c_uniq UNIQUE (user_id, group_id);


--
-- Name: auth_user auth_user_pkey; Type: CONSTRAINT; Schema: public; Owner: blackwin
--

ALTER TABLE ONLY public.auth_user
    ADD CONSTRAINT auth_user_pkey PRIMARY KEY (id);


--
-- Name: auth_user_user_permissions auth_user_user_permissions_pkey; Type: CONSTRAINT; Schema: public; Owner: blackwin
--

ALTER TABLE ONLY public.auth_user_user_permissions
    ADD CONSTRAINT auth_user_user_permissions_pkey PRIMARY KEY (id);


--
-- Name: auth_user_user_permissions auth_user_user_permissions_user_id_permission_id_14a6b632_uniq; Type: CONSTRAINT; Schema: public; Owner: blackwin
--

ALTER TABLE ONLY public.auth_user_user_permissions
    ADD CONSTRAINT auth_user_user_permissions_user_id_permission_id_14a6b632_uniq UNIQUE (user_id, permission_id);


--
-- Name: auth_user auth_user_username_key; Type: CONSTRAINT; Schema: public; Owner: blackwin
--

ALTER TABLE ONLY public.auth_user
    ADD CONSTRAINT auth_user_username_key UNIQUE (username);


--
-- Name: django_admin_log django_admin_log_pkey; Type: CONSTRAINT; Schema: public; Owner: blackwin
--

ALTER TABLE ONLY public.django_admin_log
    ADD CONSTRAINT django_admin_log_pkey PRIMARY KEY (id);


--
-- Name: django_content_type django_content_type_app_label_model_76bd3d3b_uniq; Type: CONSTRAINT; Schema: public; Owner: blackwin
--

ALTER TABLE ONLY public.django_content_type
    ADD CONSTRAINT django_content_type_app_label_model_76bd3d3b_uniq UNIQUE (app_label, model);


--
-- Name: django_content_type django_content_type_pkey; Type: CONSTRAINT; Schema: public; Owner: blackwin
--

ALTER TABLE ONLY public.django_content_type
    ADD CONSTRAINT django_content_type_pkey PRIMARY KEY (id);


--
-- Name: django_migrations django_migrations_pkey; Type: CONSTRAINT; Schema: public; Owner: blackwin
--

ALTER TABLE ONLY public.django_migrations
    ADD CONSTRAINT django_migrations_pkey PRIMARY KEY (id);


--
-- Name: django_session django_session_pkey; Type: CONSTRAINT; Schema: public; Owner: blackwin
--

ALTER TABLE ONLY public.django_session
    ADD CONSTRAINT django_session_pkey PRIMARY KEY (session_key);


--
-- Name: ems_app_event ems_app_event_pkey; Type: CONSTRAINT; Schema: public; Owner: blackwin
--

ALTER TABLE ONLY public.ems_app_event
    ADD CONSTRAINT ems_app_event_pkey PRIMARY KEY (id);


--
-- Name: ems_app_eventcategory ems_app_eventcategory_pkey; Type: CONSTRAINT; Schema: public; Owner: blackwin
--

ALTER TABLE ONLY public.ems_app_eventcategory
    ADD CONSTRAINT ems_app_eventcategory_pkey PRIMARY KEY (id);


--
-- Name: ems_app_eventfeedback ems_app_eventfeedback_event_id_user_id_1ede371d_uniq; Type: CONSTRAINT; Schema: public; Owner: blackwin
--

ALTER TABLE ONLY public.ems_app_eventfeedback
    ADD CONSTRAINT ems_app_eventfeedback_event_id_user_id_1ede371d_uniq UNIQUE (event_id, user_id);


--
-- Name: ems_app_eventfeedback ems_app_eventfeedback_pkey; Type: CONSTRAINT; Schema: public; Owner: blackwin
--

ALTER TABLE ONLY public.ems_app_eventfeedback
    ADD CONSTRAINT ems_app_eventfeedback_pkey PRIMARY KEY (id);


--
-- Name: ems_app_eventregistration ems_app_eventregistration_event_id_participant_id_6977fd58_uniq; Type: CONSTRAINT; Schema: public; Owner: blackwin
--

ALTER TABLE ONLY public.ems_app_eventregistration
    ADD CONSTRAINT ems_app_eventregistration_event_id_participant_id_6977fd58_uniq UNIQUE (event_id, participant_id);


--
-- Name: ems_app_eventregistration ems_app_eventregistration_pkey; Type: CONSTRAINT; Schema: public; Owner: blackwin
--

ALTER TABLE ONLY public.ems_app_eventregistration
    ADD CONSTRAINT ems_app_eventregistration_pkey PRIMARY KEY (id);


--
-- Name: users_customuser_groups users_customuser_groups_customuser_id_group_id_76b619e3_uniq; Type: CONSTRAINT; Schema: public; Owner: blackwin
--

ALTER TABLE ONLY public.users_customuser_groups
    ADD CONSTRAINT users_customuser_groups_customuser_id_group_id_76b619e3_uniq UNIQUE (customuser_id, group_id);


--
-- Name: users_customuser_groups users_customuser_groups_pkey; Type: CONSTRAINT; Schema: public; Owner: blackwin
--

ALTER TABLE ONLY public.users_customuser_groups
    ADD CONSTRAINT users_customuser_groups_pkey PRIMARY KEY (id);


--
-- Name: users_customuser users_customuser_pkey; Type: CONSTRAINT; Schema: public; Owner: blackwin
--

ALTER TABLE ONLY public.users_customuser
    ADD CONSTRAINT users_customuser_pkey PRIMARY KEY (id);


--
-- Name: users_customuser_user_permissions users_customuser_user_pe_customuser_id_permission_7a7debf6_uniq; Type: CONSTRAINT; Schema: public; Owner: blackwin
--

ALTER TABLE ONLY public.users_customuser_user_permissions
    ADD CONSTRAINT users_customuser_user_pe_customuser_id_permission_7a7debf6_uniq UNIQUE (customuser_id, permission_id);


--
-- Name: users_customuser_user_permissions users_customuser_user_permissions_pkey; Type: CONSTRAINT; Schema: public; Owner: blackwin
--

ALTER TABLE ONLY public.users_customuser_user_permissions
    ADD CONSTRAINT users_customuser_user_permissions_pkey PRIMARY KEY (id);


--
-- Name: users_customuser users_customuser_username_key; Type: CONSTRAINT; Schema: public; Owner: blackwin
--

ALTER TABLE ONLY public.users_customuser
    ADD CONSTRAINT users_customuser_username_key UNIQUE (username);


--
-- Name: auth_group_name_a6ea08ec_like; Type: INDEX; Schema: public; Owner: blackwin
--

CREATE INDEX auth_group_name_a6ea08ec_like ON public.auth_group USING btree (name varchar_pattern_ops);


--
-- Name: auth_group_permissions_group_id_b120cbf9; Type: INDEX; Schema: public; Owner: blackwin
--

CREATE INDEX auth_group_permissions_group_id_b120cbf9 ON public.auth_group_permissions USING btree (group_id);


--
-- Name: auth_group_permissions_permission_id_84c5c92e; Type: INDEX; Schema: public; Owner: blackwin
--

CREATE INDEX auth_group_permissions_permission_id_84c5c92e ON public.auth_group_permissions USING btree (permission_id);


--
-- Name: auth_permission_content_type_id_2f476e4b; Type: INDEX; Schema: public; Owner: blackwin
--

CREATE INDEX auth_permission_content_type_id_2f476e4b ON public.auth_permission USING btree (content_type_id);


--
-- Name: auth_user_groups_group_id_97559544; Type: INDEX; Schema: public; Owner: blackwin
--

CREATE INDEX auth_user_groups_group_id_97559544 ON public.auth_user_groups USING btree (group_id);


--
-- Name: auth_user_groups_user_id_6a12ed8b; Type: INDEX; Schema: public; Owner: blackwin
--

CREATE INDEX auth_user_groups_user_id_6a12ed8b ON public.auth_user_groups USING btree (user_id);


--
-- Name: auth_user_user_permissions_permission_id_1fbb5f2c; Type: INDEX; Schema: public; Owner: blackwin
--

CREATE INDEX auth_user_user_permissions_permission_id_1fbb5f2c ON public.auth_user_user_permissions USING btree (permission_id);


--
-- Name: auth_user_user_permissions_user_id_a95ead1b; Type: INDEX; Schema: public; Owner: blackwin
--

CREATE INDEX auth_user_user_permissions_user_id_a95ead1b ON public.auth_user_user_permissions USING btree (user_id);


--
-- Name: auth_user_username_6821ab7c_like; Type: INDEX; Schema: public; Owner: blackwin
--

CREATE INDEX auth_user_username_6821ab7c_like ON public.auth_user USING btree (username varchar_pattern_ops);


--
-- Name: django_admin_log_content_type_id_c4bce8eb; Type: INDEX; Schema: public; Owner: blackwin
--

CREATE INDEX django_admin_log_content_type_id_c4bce8eb ON public.django_admin_log USING btree (content_type_id);


--
-- Name: django_admin_log_user_id_c564eba6; Type: INDEX; Schema: public; Owner: blackwin
--

CREATE INDEX django_admin_log_user_id_c564eba6 ON public.django_admin_log USING btree (user_id);


--
-- Name: django_session_expire_date_a5c62663; Type: INDEX; Schema: public; Owner: blackwin
--

CREATE INDEX django_session_expire_date_a5c62663 ON public.django_session USING btree (expire_date);


--
-- Name: django_session_session_key_c0390e0f_like; Type: INDEX; Schema: public; Owner: blackwin
--

CREATE INDEX django_session_session_key_c0390e0f_like ON public.django_session USING btree (session_key varchar_pattern_ops);


--
-- Name: ems_app_event_category_id_4033803b; Type: INDEX; Schema: public; Owner: blackwin
--

CREATE INDEX ems_app_event_category_id_4033803b ON public.ems_app_event USING btree (category_id);


--
-- Name: ems_app_event_organizer_id_d1c6ce88; Type: INDEX; Schema: public; Owner: blackwin
--

CREATE INDEX ems_app_event_organizer_id_d1c6ce88 ON public.ems_app_event USING btree (organizer_id);


--
-- Name: ems_app_eventfeedback_event_id_93cea654; Type: INDEX; Schema: public; Owner: blackwin
--

CREATE INDEX ems_app_eventfeedback_event_id_93cea654 ON public.ems_app_eventfeedback USING btree (event_id);


--
-- Name: ems_app_eventfeedback_user_id_78bbef42; Type: INDEX; Schema: public; Owner: blackwin
--

CREATE INDEX ems_app_eventfeedback_user_id_78bbef42 ON public.ems_app_eventfeedback USING btree (user_id);


--
-- Name: ems_app_eventregistration_event_id_285cad1a; Type: INDEX; Schema: public; Owner: blackwin
--

CREATE INDEX ems_app_eventregistration_event_id_285cad1a ON public.ems_app_eventregistration USING btree (event_id);


--
-- Name: ems_app_eventregistration_participant_id_043b57c5; Type: INDEX; Schema: public; Owner: blackwin
--

CREATE INDEX ems_app_eventregistration_participant_id_043b57c5 ON public.ems_app_eventregistration USING btree (participant_id);


--
-- Name: users_customuser_groups_customuser_id_958147bf; Type: INDEX; Schema: public; Owner: blackwin
--

CREATE INDEX users_customuser_groups_customuser_id_958147bf ON public.users_customuser_groups USING btree (customuser_id);


--
-- Name: users_customuser_groups_group_id_01390b14; Type: INDEX; Schema: public; Owner: blackwin
--

CREATE INDEX users_customuser_groups_group_id_01390b14 ON public.users_customuser_groups USING btree (group_id);


--
-- Name: users_customuser_user_permissions_customuser_id_5771478b; Type: INDEX; Schema: public; Owner: blackwin
--

CREATE INDEX users_customuser_user_permissions_customuser_id_5771478b ON public.users_customuser_user_permissions USING btree (customuser_id);


--
-- Name: users_customuser_user_permissions_permission_id_baaa2f74; Type: INDEX; Schema: public; Owner: blackwin
--

CREATE INDEX users_customuser_user_permissions_permission_id_baaa2f74 ON public.users_customuser_user_permissions USING btree (permission_id);


--
-- Name: users_customuser_username_80452fdf_like; Type: INDEX; Schema: public; Owner: blackwin
--

CREATE INDEX users_customuser_username_80452fdf_like ON public.users_customuser USING btree (username varchar_pattern_ops);


--
-- Name: auth_group_permissions auth_group_permissio_permission_id_84c5c92e_fk_auth_perm; Type: FK CONSTRAINT; Schema: public; Owner: blackwin
--

ALTER TABLE ONLY public.auth_group_permissions
    ADD CONSTRAINT auth_group_permissio_permission_id_84c5c92e_fk_auth_perm FOREIGN KEY (permission_id) REFERENCES public.auth_permission(id) DEFERRABLE INITIALLY DEFERRED;


--
-- Name: auth_group_permissions auth_group_permissions_group_id_b120cbf9_fk_auth_group_id; Type: FK CONSTRAINT; Schema: public; Owner: blackwin
--

ALTER TABLE ONLY public.auth_group_permissions
    ADD CONSTRAINT auth_group_permissions_group_id_b120cbf9_fk_auth_group_id FOREIGN KEY (group_id) REFERENCES public.auth_group(id) DEFERRABLE INITIALLY DEFERRED;


--
-- Name: auth_permission auth_permission_content_type_id_2f476e4b_fk_django_co; Type: FK CONSTRAINT; Schema: public; Owner: blackwin
--

ALTER TABLE ONLY public.auth_permission
    ADD CONSTRAINT auth_permission_content_type_id_2f476e4b_fk_django_co FOREIGN KEY (content_type_id) REFERENCES public.django_content_type(id) DEFERRABLE INITIALLY DEFERRED;


--
-- Name: auth_user_groups auth_user_groups_group_id_97559544_fk_auth_group_id; Type: FK CONSTRAINT; Schema: public; Owner: blackwin
--

ALTER TABLE ONLY public.auth_user_groups
    ADD CONSTRAINT auth_user_groups_group_id_97559544_fk_auth_group_id FOREIGN KEY (group_id) REFERENCES public.auth_group(id) DEFERRABLE INITIALLY DEFERRED;


--
-- Name: auth_user_groups auth_user_groups_user_id_6a12ed8b_fk_auth_user_id; Type: FK CONSTRAINT; Schema: public; Owner: blackwin
--

ALTER TABLE ONLY public.auth_user_groups
    ADD CONSTRAINT auth_user_groups_user_id_6a12ed8b_fk_auth_user_id FOREIGN KEY (user_id) REFERENCES public.auth_user(id) DEFERRABLE INITIALLY DEFERRED;


--
-- Name: auth_user_user_permissions auth_user_user_permi_permission_id_1fbb5f2c_fk_auth_perm; Type: FK CONSTRAINT; Schema: public; Owner: blackwin
--

ALTER TABLE ONLY public.auth_user_user_permissions
    ADD CONSTRAINT auth_user_user_permi_permission_id_1fbb5f2c_fk_auth_perm FOREIGN KEY (permission_id) REFERENCES public.auth_permission(id) DEFERRABLE INITIALLY DEFERRED;


--
-- Name: auth_user_user_permissions auth_user_user_permissions_user_id_a95ead1b_fk_auth_user_id; Type: FK CONSTRAINT; Schema: public; Owner: blackwin
--

ALTER TABLE ONLY public.auth_user_user_permissions
    ADD CONSTRAINT auth_user_user_permissions_user_id_a95ead1b_fk_auth_user_id FOREIGN KEY (user_id) REFERENCES public.auth_user(id) DEFERRABLE INITIALLY DEFERRED;


--
-- Name: django_admin_log django_admin_log_content_type_id_c4bce8eb_fk_django_co; Type: FK CONSTRAINT; Schema: public; Owner: blackwin
--

ALTER TABLE ONLY public.django_admin_log
    ADD CONSTRAINT django_admin_log_content_type_id_c4bce8eb_fk_django_co FOREIGN KEY (content_type_id) REFERENCES public.django_content_type(id) DEFERRABLE INITIALLY DEFERRED;


--
-- Name: django_admin_log django_admin_log_user_id_c564eba6_fk_auth_user_id; Type: FK CONSTRAINT; Schema: public; Owner: blackwin
--

ALTER TABLE ONLY public.django_admin_log
    ADD CONSTRAINT django_admin_log_user_id_c564eba6_fk_auth_user_id FOREIGN KEY (user_id) REFERENCES public.auth_user(id) DEFERRABLE INITIALLY DEFERRED;


--
-- Name: ems_app_event ems_app_event_category_id_4033803b_fk_ems_app_eventcategory_id; Type: FK CONSTRAINT; Schema: public; Owner: blackwin
--

ALTER TABLE ONLY public.ems_app_event
    ADD CONSTRAINT ems_app_event_category_id_4033803b_fk_ems_app_eventcategory_id FOREIGN KEY (category_id) REFERENCES public.ems_app_eventcategory(id) DEFERRABLE INITIALLY DEFERRED;


--
-- Name: ems_app_event ems_app_event_organizer_id_d1c6ce88_fk_users_customuser_id; Type: FK CONSTRAINT; Schema: public; Owner: blackwin
--

ALTER TABLE ONLY public.ems_app_event
    ADD CONSTRAINT ems_app_event_organizer_id_d1c6ce88_fk_users_customuser_id FOREIGN KEY (organizer_id) REFERENCES public.users_customuser(id) DEFERRABLE INITIALLY DEFERRED;


--
-- Name: ems_app_eventfeedback ems_app_eventfeedback_event_id_93cea654_fk_ems_app_event_id; Type: FK CONSTRAINT; Schema: public; Owner: blackwin
--

ALTER TABLE ONLY public.ems_app_eventfeedback
    ADD CONSTRAINT ems_app_eventfeedback_event_id_93cea654_fk_ems_app_event_id FOREIGN KEY (event_id) REFERENCES public.ems_app_event(id) DEFERRABLE INITIALLY DEFERRED;


--
-- Name: ems_app_eventfeedback ems_app_eventfeedback_user_id_78bbef42_fk_users_customuser_id; Type: FK CONSTRAINT; Schema: public; Owner: blackwin
--

ALTER TABLE ONLY public.ems_app_eventfeedback
    ADD CONSTRAINT ems_app_eventfeedback_user_id_78bbef42_fk_users_customuser_id FOREIGN KEY (user_id) REFERENCES public.users_customuser(id) DEFERRABLE INITIALLY DEFERRED;


--
-- Name: ems_app_eventregistration ems_app_eventregistr_participant_id_043b57c5_fk_users_cus; Type: FK CONSTRAINT; Schema: public; Owner: blackwin
--

ALTER TABLE ONLY public.ems_app_eventregistration
    ADD CONSTRAINT ems_app_eventregistr_participant_id_043b57c5_fk_users_cus FOREIGN KEY (participant_id) REFERENCES public.users_customuser(id) DEFERRABLE INITIALLY DEFERRED;


--
-- Name: ems_app_eventregistration ems_app_eventregistration_event_id_285cad1a_fk_ems_app_event_id; Type: FK CONSTRAINT; Schema: public; Owner: blackwin
--

ALTER TABLE ONLY public.ems_app_eventregistration
    ADD CONSTRAINT ems_app_eventregistration_event_id_285cad1a_fk_ems_app_event_id FOREIGN KEY (event_id) REFERENCES public.ems_app_event(id) DEFERRABLE INITIALLY DEFERRED;


--
-- Name: users_customuser_groups users_customuser_gro_customuser_id_958147bf_fk_users_cus; Type: FK CONSTRAINT; Schema: public; Owner: blackwin
--

ALTER TABLE ONLY public.users_customuser_groups
    ADD CONSTRAINT users_customuser_gro_customuser_id_958147bf_fk_users_cus FOREIGN KEY (customuser_id) REFERENCES public.users_customuser(id) DEFERRABLE INITIALLY DEFERRED;


--
-- Name: users_customuser_groups users_customuser_groups_group_id_01390b14_fk_auth_group_id; Type: FK CONSTRAINT; Schema: public; Owner: blackwin
--

ALTER TABLE ONLY public.users_customuser_groups
    ADD CONSTRAINT users_customuser_groups_group_id_01390b14_fk_auth_group_id FOREIGN KEY (group_id) REFERENCES public.auth_group(id) DEFERRABLE INITIALLY DEFERRED;


--
-- Name: users_customuser_user_permissions users_customuser_use_customuser_id_5771478b_fk_users_cus; Type: FK CONSTRAINT; Schema: public; Owner: blackwin
--

ALTER TABLE ONLY public.users_customuser_user_permissions
    ADD CONSTRAINT users_customuser_use_customuser_id_5771478b_fk_users_cus FOREIGN KEY (customuser_id) REFERENCES public.users_customuser(id) DEFERRABLE INITIALLY DEFERRED;


--
-- Name: users_customuser_user_permissions users_customuser_use_permission_id_baaa2f74_fk_auth_perm; Type: FK CONSTRAINT; Schema: public; Owner: blackwin
--

ALTER TABLE ONLY public.users_customuser_user_permissions
    ADD CONSTRAINT users_customuser_use_permission_id_baaa2f74_fk_auth_perm FOREIGN KEY (permission_id) REFERENCES public.auth_permission(id) DEFERRABLE INITIALLY DEFERRED;


--
-- Name: SCHEMA public; Type: ACL; Schema: -; Owner: pg_database_owner
--

GRANT ALL ON SCHEMA public TO blackwin;


--
-- Name: DEFAULT PRIVILEGES FOR SEQUENCES; Type: DEFAULT ACL; Schema: public; Owner: postgres
--

ALTER DEFAULT PRIVILEGES FOR ROLE postgres IN SCHEMA public GRANT ALL ON SEQUENCES TO blackwin;


--
-- Name: DEFAULT PRIVILEGES FOR TABLES; Type: DEFAULT ACL; Schema: public; Owner: postgres
--

ALTER DEFAULT PRIVILEGES FOR ROLE postgres IN SCHEMA public GRANT ALL ON TABLES TO blackwin;


--
-- PostgreSQL database dump complete
--

